[
    {
        "id": 1,
        "name": "Rohan Sharma",
        "age": 32,
        "gender": "Male",
        "dlNumber": "DL1234",
        "vehiclesCanDrive": ["Car (Small)", "Car XL", "Bike"],
        "experience": 8,
        "phoneNumber": "0000000789",
        "address": "123, MG Road, Chennai",
        "workingTimings": "Mon-Sat, 9:00 AM to 7:00 PM",
        "profilePictureUrl": "/assets/driver1.jpg",
        "idProofUrl": "/assets/driver1_id.jpg",
        "drivingLicenseUrl": "/assets/driver1_dl.jpg",
        "overallRating": 4.5,
        "isVerified": true
    },
    {
        "id": 2,
        "name": "Priya Singh",
        "age": 28,
        "gender": "Female",
        "dlNumber": "DL5678",
        "vehiclesCanDrive": ["Car (Small)", "Lorry"],
        "experience": 5,
        "phoneNumber": "0000000456",
        "address": "45, Anna Salai, Chennai",
        "workingTimings": "Mon-Fri, 10:00 AM to 6:00 PM",
        "profilePictureUrl": "/assets/driver2.jpg",
        "idProofUrl": "/assets/driver2_id.jpg",
        "drivingLicenseUrl": "/assets/driver2_dl.jpg",
        "overallRating": 4.2,
        "isVerified": true
    }
]